Player,Pos'n,MLS,2024 ,,,
"Ohtani, Shohei",dh-rhp,6.000,"$70,000,000 ",,,
"Verlander, Justin",rhp-s,18.002,"$43,333,333 ",,,
"Scherzer, Max",rhp-s,15.079,"$43,333,333 ",,,
"deGrom, Jacob",rhp-s,9.139,"$40,000,000 ",,,
"Judge, Aaron",rf-dh,7.051,"$40,000,000 ",,,
"Rendon, Anthony",3b,10.130,"$38,571,429 ",,,
"Trout, Mike",cf,12.070,"$37,116,667 ",,,
"Cole, Gerrit",rhp-s,10.111,"$36,000,000 ",,,
"Corbin, Patrick",lhp-s,11.105,"$35,416,667 ",,,
"Seager, Corey",ss,8.032,"$35,000,000 ",,,
"Lindor, Francisco",ss,8.113,"$34,100,000 ",,,
"Correa, Carlos",ss,8.119,"$33,333,333 ",,,
"Arenado, Nolan",3b,10.155,"$32,675,167 ",,,
"Strasburg, Stephen",rhp-s,13.118,"$32,500,000 ",,,
"Stanton, Giancarlo",dh-rf,13.118,"$32,000,000 ",,,
"Snell, Blake",lhp-s,7.072,"$32,000,000 ",,,
"Soto, Juan",lf,5.134,"$31,000,000 ",,,
"Bregman, Alex",3b,7.070,"$30,500,000 ",,,
"Betts, Mookie",ss,9.070,"$30,416,667 ",,,
"Devers, Rafael",3b,6.070,"$29,500,000 ",,,
"Altuve, Jose",2b,12.072,"$29,200,000 ",,,
"Bryant, Kris",rf,8.171,"$28,000,000 ",,,
"Rodón, Carlos",lhp-s,8.168,"$27,833,333 ",,,
"Harper, Bryce",rf-1b,11.159,"$27,538,462 ",,,
"Bellinger, Cody",cf,6.160,"$27,500,000 ",,,
"Turner, Trea",ss,7.135,"$27,272,727 ",,,
"Freeman, Freddie",1b,13.033,"$27,000,000 ",,,
"Semien, Marcus",2b,9.118,"$26,000,000 ",,,
"Swanson, Dansby",ss,7.047,"$26,000,000 ",,,
"Bogaerts, Xander",2b,10.042,"$25,454,545 ",,,
"Goldschmidt, Paul",1b,12.059,"$25,333,333 ",,,
"Báez, Javier",ss,8.089,"$25,000,000 ",,,
"Montgomery, Jordan",lhp-s,6.153,"$25,000,000 ",,,
"Moncada, Yoán",3b,6.106,"$24,800,000 ",,,
"Nola, Aaron",rhp-s,8.076,"$24,571,429 ",,,
"Yelich, Christian",lf,10.069,"$24,250,727 ",,,
"Springer, George",rf,9.166,"$24,166,667 ",,,
"Castillo, Luis",rhp-s,6.101,"$24,150,000 ",,,
"Gausman, Kevin",rhp-s,9.151,"$24,000,000 ",,,
"Realmuto, J.T.",c,9.038,"$23,875,000 ",,,
"Wheeler, Zack",rhp-s,10.098,"$23,500,000 ",,,
"Hernández, Teoscar",lf,6.097,"$23,500,000 ",,,
"Ray, Robbie",lhp-s,9.007,"$23,000,000 ",,,
"Story, Trevor",2b,8.000,"$22,500,000 ",,,
"Bassitt, Chris",rhp-s,7.130,"$22,000,000 ",,,
"Olson, Matt",1b,6.103,"$22,000,000 ",,,
"Díaz, Edwin",rhp-c,7.121,"$21,250,000 ",,,
"Happ, Ian",lf,6.036,"$21,000,000 ",,,
"Riley, Austin",3b,4.138,"$21,000,000 ",,,
"Suzuki, Seiya",rf,2.000,"$21,000,000 ",,,
"Marte, Starling",rf,10.162,"$20,750,000 ",,,
"Nimmo, Brandon",lf,7.042,"$20,500,000 ",,,
"Alonso, Pete",1b,5.000,"$20,500,000 ",,,
"Morton, Charlie",rhp-s,15.010,"$20,000,000 ",,,
"Perez, Salvador",c,12.050,"$20,000,000 ",,,
"Castellanos, Nick",dh-of,10.029,"$20,000,000 ",,,
"Schwarber, Kyle",lf-dh,8.086,"$20,000,000 ",,,
"Musgrove, Joe",rhp-s,7.063,"$20,000,000 ",,,
"Haniger, Mitch",rf,7.048,"$20,000,000 ",,,
"Guerrero Jr., Vladimir",1b,4.157,"$19,900,000 ",,,
"Abreu, José",1b,10.000,"$19,500,000 ",,,
"Hader, Josh",lhp-c,6.115,"$19,000,000 ",,,
"Chapman, Matt",3b,6.109,"$19,000,000 ",,,
"Yoshida, Masataka",lf,1.000,"$18,600,000 ",,,
"Stroman, Marcus",rhp-s,9.026,"$18,500,000 ",,,
"Ozuna, Marcell",dh,10.124,"$18,000,000 ",,,
"Walker, Taijuan",rhp-s,9.142,"$18,000,000 ",,,
"Taillon, Jameson",rhp-s,7.110,"$18,000,000 ",,,
"Contreras, Willson",c,7.108,"$18,000,000 ",,,
"Berríos, José O.",rhp-s,7.044,"$18,000,000 ",,,
"Conforto, Michael",dh-rf,7.043,"$18,000,000 ",,,
"Giolito, Lucas",rhp-s,6.080,"$18,000,000 ",,,
"McCullers Jr., Lance",rhp-s,8.140,"$17,700,000 ",,,
"Mikolas, Miles",rhp-s,7.037,"$17,666,667 ",,,
"Glasnow, Tyler",rhp-s,6.158,"$17,500,000 ",,,
"Benintendi, Andrew",lf,7.062,"$17,100,000 ",,,
"Machado, Manny",3b,11.056,"$17,090,909 ",,,
"Eovaldi, Nathan",rhp-s,12.013,"$17,000,000 ",,,
"Rizzo, Anthony",1b,11.168,"$17,000,000 ",,,
"Ramírez, José",3b,9.074,"$17,000,000 ",,,
"Acuña Jr., Ronald",rf,5.159,"$17,000,000 ",,,
"Smith, Will",c,4.090,"$16,550,000 ",,,
"Bell, Josh",dh-1b,7.053,"$16,500,000 ",,,
"Jansen, Kenley",rhp-c,13.073,"$16,000,000 ",,,
"Sale, Chris",lhp-s,13.061,"$16,000,000 ",,,
"Darvish, Yu",rhp-s,12.000,"$16,000,000 ",,,
"Wacha, Michael",rhp-s,10.062,"$16,000,000 ",,,
"Hendricks, Kyle",rhp-s,9.081,"$16,000,000 ",,,
"Iglesias, Raisel",rhp-c,8.154,"$16,000,000 ",,,
"Burnes, Corbin",rhp-s,5.049,"$15,637,500 ",,,
"Buxton, Byron",dh-cf,7.160,"$15,142,857 ",,,
"LeMahieu, DJ",3b,11.128,"$15,000,000 ",,,
"Lugo, Seth",rhp-s,7.082,"$15,000,000 ",,,
"Freeland, Kyle",lhp-s,6.144,"$15,000,000 ",,,
"Fried, Max",lhp-s,5.148,"$15,000,000 ",,,
"Senga, Kodai",rhp-s,1.000,"$15,000,000 ",,,
"Manaea, Sean",lhp-s,7.157,"$14,500,000 ",,,
"Torres, Gleyber",2b,5.162,"$14,200,000 ",,,
"Pressly, Ryan",rhp,10.039,"$14,000,000 ",,,
"Rodriguez, Eduardo",lhp-s,8.070,"$14,000,000 ",,,
"Maeda, Kenta",rhp-s,8.000,"$14,000,000 ",,,
"Montas, Frankie",rhp-s,6.015,"$14,000,000 ",,,
"Flaherty, Jack",rhp-s,6.006,"$14,000,000 ",,,
"Martinez, Nick",rhp-s,5.002,"$14,000,000 ",,,
"Jiménez, Eloy",dh-lf,5.000,"$13,833,333 ",,,
"Marte, Ketel",2b,7.162,"$13,600,000 ",,,
"Yamamoto, Yoshinobu",rhp-s,0.000,"$13,333,333 ",,,
"Bieber, Shane",rhp-s,5.097,"$13,125,000 ",,,
"Turner, Justin",dh-3b,13.045,"$13,000,000 ",,,
"Quintana, José",lhp-s,11.133,"$13,000,000 ",,,
"Blackmon, Charlie",dh-of,11.102,"$13,000,000 ",,,
"Heaney, Andrew",lhp-s,8.150,"$13,000,000 ",,,
"Anderson, Tyler",lhp-s,8.065,"$13,000,000 ",,,
"Gray, Jon",rhp-s,8.062,"$13,000,000 ",,,
"Taylor, Chris",lf-rf,8.037,"$13,000,000 ",,,
"Severino, Luis",rhp-s,7.170,"$13,000,000 ",,,
"Candelario, Jeimer",3b,6.038,"$13,000,000 ",,,
"Matz, Steven",lhp-s,8.099,"$12,500,000 ",,,
"Stripling, Ross",rhp-s,7.115,"$12,500,000 ",,,
"Robert Jr., Luis",cf,4.000,"$12,500,000 ",,,
"Gonzales, Marco",lhp-s,6.102,"$12,250,000 ",,,
"Adames, Willy",ss,5.105,"$12,250,000 ",,,
"Rodríguez, Julio",cf,2.000,"$12,185,714 ",,,
"McCann, James",c,9.028,"$12,150,000 ",,,
"Valdez, Framber",lhp-s,4.163,"$12,100,000 ",,,
"Bichette, Bo",ss,4.063,"$12,083,333 ",,,
"Kimbrel, Craig",rhp-c,12.161,"$12,000,000 ",,,
"Martinez, J.D.",dh-rf,12.036,"$12,000,000 ",,,
"García, Avisaíl",rf,10.167,"$12,000,000 ",,,
"Gibson, Kyle",rhp-s,10.039,"$12,000,000 ",,,
"DeSclafani, Anthony",rhp-s,9.062,"$12,000,000 ",,,
"Rogers, Taylor",lhp,7.145,"$12,000,000 ",,,
"Senzatela, Antonio",rhp-s,6.106,"$12,000,000 ",,,
"Hoskins, Rhys",1b,6.053,"$12,000,000 ",,,
"McMahon, Ryan",2b,6.006,"$12,000,000 ",,,
"Tucker, Kyle",rf,4.079,"$12,000,000 ",,,
"Tatis Jr., Fernando",rf,4.120,"$11,714,286 ",,,
"Santander, Anthony",rf,5.162,"$11,700,000 ",,,
"Canha, Mark",lf,8.092,"$11,500,000 ",,,
"Montero, Rafael",rhp,7.138,"$11,500,000 ",,,
"Hoerner, Nico",2b,4.014,"$11,500,000 ",,,
"Suárez, Eugenio",3b,9.061,"$11,000,000 ",,,
"Eflin, Zach",rhp-s,7.018,"$11,000,000 ",,,
"Stephenson, Robert",rhp,6.049,"$11,000,000 ",,,
"Crawford, J.P.",ss,5.163,"$11,000,000 ",,,
"Walker, Christian",1b,5.124,"$10,900,000 ",,,
"Alvarez, Yordan",lf-dh,4.113,"$10,833,333 ",,,
"Arraez, Luis",2b,4.121,"$10,600,000 ",,,
"Chapman, Aroldis",lhp,13.009,"$10,500,000 ",,,
"Kiermaier, Kevin",cf,9.131,"$10,500,000 ",,,
"Green, Chad",rhp,7.050,"$10,500,000 ",,,
"Polanco, Jorge",2b,7.024,"$10,500,000 ",,,
"Garver, Mitch",c-dh,6.045,"$10,500,000 ",,,
"Bader, Harrison",cf,6.030,"$10,500,000 ",,,
"McNeil, Jeff",2b,5.069,"$10,250,000 ",,,
"Reynolds, Bryan",lf,4.163,"$10,250,000 ",,,
"Gallen, Zac",rhp-s,4.100,"$10,011,000 ",,,
"Robertson, David",rhp-c,14.119,"$10,000,000 ",,,
"Lynn, Lance",rhp-s,12.119,"$10,000,000 ",,,
"Cobb, Alex",rhp-s,12.061,"$10,000,000 ",,,
"Gray, Sonny",rhp-s,10.061,"$10,000,000 ",,,
"Vázquez, Christian",c,9.031,"$10,000,000 ",,,
"Soler, Jorge",dh-rf,8.143,"$10,000,000 ",,,
"Kepler, Max",lf,7.152,"$10,000,000 ",,,
"Márquez, Germán",rhp-s,7.027,"$10,000,000 ",,,
"Margot, Manuel",rf,7.012,"$10,000,000 ",,,
"Gurriel Jr., Lourdes",dh,5.094,"$10,000,000 ",,,
"Kikuchi, Yusei",lhp-s,5.000,"$10,000,000 ",,,
"Suarez, Robert",rhp,2.000,"$10,000,000 ",,,
"Hicks, Aaron",lf,10.041,"$9,785,714 ",,,
"Pederson, Joc",lf,9.028,"$9,500,000 ",,,
"Bard, Daniel",rhp-c,7.103,"$9,500,000 ",,,
"Muncy, Max",3b,7.027,"$9,500,000 ",,,
"Martin, Chris",rhp,6.133,"$9,500,000 ",,,
"Alcantara, Sandy",rhp-s,5.100,"$9,300,000 ",,,
"Imanaga, Shota",lhp-s,0.000,"$9,250,000 ",,,
"Alvarado, José",lhp,6.088,"$9,016,667 ",,,
"Heyward, Jason",rf,14.000,"$9,000,000 ",,,
"Moore, Matt",lhp-s,11.000,"$9,000,000 ",,,
"Neris, Hector",rhp,8.068,"$9,000,000 ",,,
"Murphy, Sean",c,4.029,"$9,000,000 ",,,
"Lowe, Brandon",2b,5.058,"$8,750,000 ",,,
"Verdugo, Alex",rf,5.078,"$8,700,000 ",,,
"Lyles, Jordan",rhp-s,12.002,"$8,500,000 ",,,
"Smyly, Drew",lhp,11.143,"$8,500,000 ",,,
"Wood, Alex",lhp-s,10.123,"$8,500,000 ",,,
"Drury, Brandon",3b-dh,7.001,"$8,500,000 ",,,
"Kelly, Merrill",rhp-s,5.000,"$8,500,000 ",,,
"López, Pablo",rhp-s,5.093,"$8,250,000 ",,,
"Lee, Jung Hoo",cf,0.000,"$8,250,000 ",,,
"Arozarena, Randy",lf,3.129,"$8,100,000 ",,,
"Buehler, Walker",rhp-s,5.168,"$8,025,000 ",,,
"Pérez, Martín",lhp-s,11.038,"$8,000,000 ",,,
"Kelly, Joe",rhp,11.029,"$8,000,000 ",,,
"d'Arnaud, Travis",c,10.044,"$8,000,000 ",,,
"Graveman, Kendall",rhp,8.078,"$8,000,000 ",,,
"Díaz, Aledmys",ss,7.100,"$8,000,000 ",,,
"Pagán, Emilio",rhp,6.091,"$8,000,000 ",,,
"Jiménez, Joe",rhp,6.061,"$8,000,000 ",,,
"Díaz, Yandy",1b,5.122,"$8,000,000 ",,,
"Cease, Dylan",rhp-s,4.089,"$8,000,000 ",,,
"Webb, Logan",rhp-s,4.044,"$8,000,000 ",,,
"Kim, Ha-Seong",ss,3.000,"$8,000,000 ",,,
"Yastrzemski, Mike",cf,4.128,"$7,900,000 ",,,
"Romano, Jordan",rhp-c,4.051,"$7,750,000 ",,,
"Strahm, Matt",lhp-s,7.064,"$7,500,000 ",,,
"Kiner-Falefa, Isiah",ss,6.000,"$7,500,000 ",,,
"Pivetta, Nick",rhp-s,5.166,"$7,500,000 ",,,
"Fedde, Erick",rhp-s,4.099,"$7,500,000 ",,,
"Lowe, Nathaniel",1b,3.145,"$7,500,000 ",,,
"Javier, Cristian",rhp-s,4.000,"$7,400,000 ",,,
"Sewald, Paul",rhp-c,5.072,"$7,350,000 ",,,
"Cronenworth, Jake",1b,4.000,"$7,286,714 ",,,
"Miley, Wade",lhp-s,12.025,"$7,000,000 ",,,
"Paxton, James",lhp-s,9.151,"$7,000,000 ",,,
"Merrifield, Whit",2b,7.101,"$7,000,000 ",,,
"Narváez, Omar",c,7.089,"$7,000,000 ",,,
"Stassi, Max",c,7.033,"$7,000,000 ",,,
"Williams, Trevor",rhp-s,7.027,"$7,000,000 ",,,
"Albies, Ozzie",2b,6.062,"$7,000,000 ",,,
"Johnson, Pierce",rhp,4.137,"$7,000,000 ",,,
"Edman, Tommy",ss,4.114,"$7,000,000 ",,,
"Williams, Devin",rhp-c,4.056,"$7,000,000 ",,,
"Hayes, Ke'Bryan",3b,3.075,"$7,000,000 ",,,
"France, Ty",1b,4.089,"$6,775,000 ",,,
"Estévez, Carlos",rhp-c,7.022,"$6,750,000 ",,,
"Barlow, Scott",rhp,5.030,"$6,700,000 ",,,
"Quantrill, Cal",rhp-s,4.132,"$6,550,000 ",,,
"Flores, Wilmer",2b-3b,10.003,"$6,500,000 ",,,
"Jackson, Luke",rhp,7.019,"$6,500,000 ",,,
"Hicks, Jordan",rhp-s,6.000,"$6,500,000 ",,,
"Naylor, Josh",1b,4.127,"$6,500,000 ",,,
"Raley, Brooks",lhp,4.045,"$6,500,000 ",,,
"Ruiz, Keibert",c,2.064,"$6,375,000 ",,,
"Mullins, Cedric",cf,4.078,"$6,325,000 ",,,
"Farmer, Kyle",inf,5.129,"$6,300,000 ",,,
"Hays, Austin",lf,4.057,"$6,300,000 ",,,
"Leclerc, José",rhp-c,7.041,"$6,250,000 ",,,
"Maton, Phil",rhp,6.047,"$6,250,000 ",,,
"Minter, A.J.",lhp,5.154,"$6,220,000 ",,,
"Gomes, Yan",c,11.083,"$6,000,000 ",,,
"García, Yimi",rhp,8.149,"$6,000,000 ",,,
"Díaz, Elias",c,7.088,"$6,000,000 ",,,
"Caratini, Victor",c,6.051,"$6,000,000 ",,,
"Holmes, Clay",rhp-c,5.031,"$6,000,000 ",,,
"Keller, Mitch",rhp-s,4.026,"$5,854,000 ",,,
"O'Neill, Tyler",lf,5.059,"$5,850,000 ",,,
"Kahnle, Tommy",rhp,8.131,"$5,750,000 ",,,
"Gallegos, Giovanny",rhp,5.085,"$5,750,000 ",,,
"Peralta, Freddy",rhp-s,5.090,"$5,735,000 ",,,
"Scott, Tanner",lhp-c,5.059,"$5,700,000 ",,,
"Varsho, Daulton",lf,3.128,"$5,650,000 ",,,
"Giménez, Andrés",2b,3.106,"$5,571,429 ",,,
"Carpenter, Matt",dh-1b,11.145,"$5,500,000 ",,,
"Renfroe, Hunter",rf,6.165,"$5,500,000 ",,,
"Mahle, Tyler",rhp-s,6.018,"$5,500,000 ",,,
"Bummer, Aaron",lhp,5.150,"$5,500,000 ",,,
"Grisham, Trent",cf,4.060,"$5,500,000 ",,,
"Lúzardo, Jesus",lhp-s,3.165,"$5,500,000 ",,,
"Thomas, Lane",rf,4.014,"$5,450,000 ",,,
"Santana, Carlos",1b-dh,13.115,"$5,250,000 ",,,
"Springs, Jeffrey",lhp-s,5.055,"$5,250,000 ",,,
"Jansen, Danny",c,5.050,"$5,200,000 ",,,
"Laureano, Ramón",rf,4.165,"$5,150,000 ",,,
"Finnegan, Kyle",rhp-c,4.000,"$5,100,000 ",,,
"Houser, Adrian",rhp,5.010,"$5,050,000 ",,,
"Suárez, Ranger",lhp-s,4.112,"$5,050,000 ",,,
"Sandoval, Patrick",lhp-s,3.149,"$5,025,000 ",,,
"Kershaw, Clayton",lhp-s,15.105,"$5,000,000 ",,,
"McCutchen, Andrew",rf,14.123,"$5,000,000 ",,,
"Smith, Will",lhp-c,10.155,"$5,000,000 ",,,
"Rojas, Miguel",ss,9.043,"$5,000,000 ",,,
"Peterson, Jace",3b,7.142,"$5,000,000 ",,,
"Anderson, Tim",ss,7.115,"$5,000,000 ",,,
"Castro, Miguel",rhp,7.079,"$5,000,000 ",,,
"Middleton, Keynan",rhp,6.023,"$5,000,000 ",,,
"Soto, Gregory",lhp,4.102,"$5,000,000 ",,,
"Urías, Luis",3b,4.098,"$5,000,000 ",,,
"Harris II, Michael",cf,2.000,"$5,000,000 ",,,
"Civale, Aaron",rhp-s,4.058,"$4,900,000 ",,,
"Singer, Brady",rhp-s,3.156,"$4,850,000 ",,,
"Ward, Taylor",lf,3.164,"$4,800,000 ",,,
"García, Adolis",rf,3.095,"$4,750,000 ",,,
"Estrada, Thairo",2b,3.169,"$4,700,000 ",,,
"Bednar, David",rhp-c,3.076,"$4,510,000 ",,,
"Ottavino, Adam",rhp,12.087,"$4,500,000 ",,,
"Yates, Kirby",rhp,9.021,"$4,500,000 ",,,
"Lorenzen, Michael",rhp-s,8.159,"$4,500,000 ",,,
"Brasier, Ryan",rhp,6.094,"$4,500,000 ",,,
"Rengifo, Luis",2b,4.043,"$4,400,000 ",,,
"Lopez, Nicky",2b,4.139,"$4,300,000 ",,,
"Chafin, Andrew",lhp,9.020,"$4,250,000 ",,,
"García, Luis",rhp,8.007,"$4,250,000 ",,,
"Domínguez, Seranthony",rhp,5.131,"$4,250,000 ",,,
"Biggio, Cavan",2b,4.129,"$4,210,000 ",,,
"Mountcastle, Ryan",1b,3.105,"$4,137,500 ",,,
"Gilbert, Logan",rhp-s,2.144,"$4,050,000 ",,,
"Maldonado, Martín",c,11.156,"$4,000,000 ",,,
"Diekman, Jake",lhp,11.050,"$4,000,000 ",,,
"Hernández, Kiké",ss-cf,9.054,"$4,000,000 ",,,
"Taylor, Michael A.",cf,8.129,"$4,000,000 ",,,
"Hedges, Austin",c,7.166,"$4,000,000 ",,,
"Murphy, Tom",c,6.092,"$4,000,000 ",,,
"Brebbia, John",rhp,6.078,"$4,000,000 ",,,
"Stanek, Ryne",rhp,6.038,"$4,000,000 ",,,
"López, Reynaldo",rhp,6.004,"$4,000,000 ",,,
"Junis, Jakob",rhp-s,6.002,"$4,000,000 ",,,
"Slater, Austin",of,5.147,"$4,000,000 ",,,
"Phillips, Evan",rhp,3.136,"$4,000,000 ",,,
"Bohm, Alec",3b,3.106,"$4,000,000 ",,,
"Steele, Justin",lhp-s,2.143,"$4,000,000 ",,,
"Rodriguez, Yariel",rhp-s,0.000,"$4,000,000 ",,,
"Cortes, Nestor",lhp-s,4.094,"$3,950,000 ",,,
"Yarbrough, Ryan",lhp-s,5.117,"$3,900,000 ",,,
"Ramírez, Harold",dh-of,4.124,"$3,800,000 ",,,
"Helsley, Ryan",rhp-c,4.105,"$3,800,000 ",,,
"India, Jonathan",2b,3.000,"$3,800,000 ",,,
"Urquidy, José",rhp-s,4.049,"$3,750,000 ",,,
"Fairbanks, Pete",rhp-c,4.057,"$3,666,667 ",,,
"Berti, Jon",lf-3b,4.168,"$3,625,000 ",,,
"Carroll, Corbin",lf,1.038,"$3,625,000 ",,,
"McClanahan, Shane",lhp-s,2.158,"$3,600,000 ",,,
"Mayza, Tim",lhp,4.156,"$3,590,000 ",,,
"Barnes, Austin",c,7.098,"$3,500,000 ",,,
"Stratton, Chris",rhp,6.100,"$3,500,000 ",,,
"Kelly, Carson",c,5.161,"$3,500,000 ",,,
"O'Hearn, Ryan",1b-of,4.170,"$3,500,000 ",,,
"Rea, Colin",rhp,4.057,"$3,500,000 ",,,
"Wade Jr., LaMonte",1b,4.035,"$3,500,000 ",,,
"Dubón, Mauricio",2b,3.162,"$3,500,000 ",,,
"Whitlock, Garrett",rhp-s,3.000,"$3,500,000 ",,,
"Blackburn, Paul",rhp-s,4.018,"$3,450,000 ",,,
"Gonsolin, Tony",rhp-s,3.152,"$3,400,000 ",,,
"Paredes, Isaac",3b,2.160,"$3,400,000 ",,,
"Peralta, Wandy",lhp,6.168,"$3,350,000 ",,,
"Fujinami, Shintaro",rhp-s,1.000,"$3,350,000 ",,,
"Greene, Hunter",rhp-s,2.000,"$3,333,333 ",,,
"Means, John",lhp-s,5.007,"$3,325,000 ",,,
"Dunning, Dane",rhp,3.083,"$3,325,000 ",,,
"Castro, Willi",inf-of,4.017,"$3,300,000 ",,,
"Barnhart, Tucker",c,9.047,"$3,250,000 ",,,
"Vaughn, Andrew",1b,3.000,"$3,250,000 ",,,
"Matsui, Yuki",lhp,0.000,"$3,250,000 ",,,
"Thielbar, Caleb",lhp,5.131,"$3,225,000 ",,,
"Tellez, Rowdy",1b,5.004,"$3,200,000 ",,,
"Rodgers, Brendan",ss,4.075,"$3,200,000 ",,,
"Rogers, Tyler",rhp,4.034,"$3,200,000 ",,,
"Gomber, Austin",lhp,4.111,"$3,150,000 ",,,
"King, Michael",rhp,4.004,"$3,150,000 ",,,
"Moore, Dylan",3b,5.000,"$3,133,333 ",,,
"Witt Jr., Bobby",ss,2.000,"$3,111,111 ",,,
"Rojas, Josh",2b,3.126,"$3,100,000 ",,,
"Heim, Jonah",c,3.097,"$3,050,000 ",,,
"Miller, Shelby",rhp,8.016,"$3,000,000 ",,,
"Duvall, Adam",cf,7.151,"$3,000,000 ",,,
"Sánchez, Gary",c,7.050,"$3,000,000 ",,,
"Maile, Luke",c,6.148,"$3,000,000 ",,,
"Soroka, Michael",rhp-s,5.009,"$3,000,000 ",,,
"Kopech, Michael",rhp,4.041,"$3,000,000 ",,,
"McGough, Scott",rhp,1.046,"$3,000,000 ",,,
"Clase, Emmanuel",rhp-c,3.059,"$2,900,000 ",,,
"Sims, Lucas",rhp,5.014,"$2,850,000 ",,,
"McCormick, Chas",cf,3.000,"$2,850,000 ",,,
"Keith, Colt",2b,0.000,"$2,833,333 ",,,
"Kirk, Alejandro",c,3.047,"$2,800,000 ",,,
"Swanson, Erik",rhp,4.096,"$2,750,000 ",,,
"Trevino, Jose",c,4.063,"$2,730,000 ",,,
"Espinal, Santiago",2b,3.149,"$2,725,000 ",,,
"Wisdom, Patrick",3b-1b,3.058,"$2,725,000 ",,,
"Mateo, Jorge",ss,4.000,"$2,700,000 ",,,
"Graterol, Brusdar",rhp-c,3.167,"$2,700,000 ",,,
"Adam, Jason",rhp,3.132,"$2,700,000 ",,,
"Robles, Victor",cf,5.033,"$2,650,000 ",,,
"Skubal, Tarik",lhp-s,3.114,"$2,650,000 ",,,
"Chisholm Jr., Jazz",cf,3.075,"$2,625,000 ",,,
"Canning, Griffin",rhp-s,4.075,"$2,600,000 ",,,
"Brown, Seth",dh-1b,3.104,"$2,600,000 ",,,
"Taveras, Leody",cf,2.124,"$2,550,000 ",,,
"Paddack, Chris",rhp-s,5.000,"$2,525,000 ",,,
"Stephenson, Tyler",c,3.056,"$2,525,000 ",,,
"Grandal, Yasmani",c,11.115,"$2,500,000 ",,,
"Gallo, Joey",rf,7.103,"$2,500,000 ",,,
"Suter, Brent",lhp,6.161,"$2,500,000 ",,,
"Woodruff, Brandon",rhp-s,5.161,"$2,500,000 ",,,
"Davis, J.D.",3b,5.137,"$2,500,000 ",,,
"Loáisiga, Jonathan",rhp,5.022,"$2,500,000 ",,,
"Franco, Wander",ss,2.104,"$2,454,545 ",,,
"Jeffers, Ryan",c,3.089,"$2,425,000 ",,,
"Ferguson, Caleb",lhp,5.093,"$2,400,000 ",,,
"Poche, Colin",lhp,4.114,"$2,375,000 ",,,
"Harvey, Hunter",rhp,4.047,"$2,350,000 ",,,
"Bubic, Kris",lhp-s,3.135,"$2,350,000 ",,,
"Carlson, Dylan",cf,3.104,"$2,350,000 ",,,
"Coulombe, Daniel",lhp,5.008,"$2,300,000 ",,,
"Brubaker, JT",rhp,4.000,"$2,275,000 ",,,
"Kittredge, Andrew",rhp,5.070,"$2,262,500 ",,,
"Farmer, Buck",rhp,6.140,"$2,250,000 ",,,
"Alexander, Scott",lhp,6.080,"$2,250,000 ",,,
"Floro, Dylan",rhp,6.053,"$2,250,000 ",,,
"Chourio, Jackson",of,0.000,"$2,250,000 ",,,
"Smith, Drew",rhp,5.034,"$2,225,000 ",,,
"Hoffman, Jeff",rhp-s,5.084,"$2,200,000 ",,,
"Muñoz, Andrés",rhp,4.080,"$2,187,500 ",,,
"Higashioka, Kyle",c,5.005,"$2,180,000 ",,,
"Richards, Trevor",rhp-s,5.084,"$2,150,000 ",,,
"Fraley, Jake",dh,3.097,"$2,150,000 ",,,
"Peterson, David",lhp-s,3.089,"$2,150,000 ",,,
"May, Dustin",rhp-s,4.059,"$2,135,000 ",,,
"Joe, Connor",1b,2.136,"$2,125,000 ",,,
"Alzolay, Adbert",rhp-s,3.050,"$2,110,000 ",,,
"Urías, Ramón",2b,3.025,"$2,100,000 ",,,
"Sánchez, Jesús",of,2.118,"$2,100,000 ",,,
"Armstrong, Shawn",rhp,5.113,"$2,050,000 ",,,
"Milner, Hoby",lhp,4.068,"$2,050,000 ",,,
"Bethancourt, Christian",c,4.038,"$2,050,000 ",,,
"Taylor, Tyrone",of,3.093,"$2,025,000 ",,,
"Schmidt, Clarke",rhp-s,2.148,"$2,025,000 ",,,
"Hudson, Daniel",rhp,13.106,"$2,000,000 ",,,
"Carrasco, Carlos",rhp-s,12.147,"$2,000,000 ",,,
"Crawford, Brandon",ss,12.094,"$2,000,000 ",,,
"Hendriks, Liam",rhp-c,9.164,"$2,000,000 ",,,
"Rosario, Eddie",lf,8.120,"$2,000,000 ",,,
"Barnes, Matt",rhp,8.110,"$2,000,000 ",,,
"Frazier, Adam",2b-of,7.075,"$2,000,000 ",,,
"Arcia, Orlando",ss,6.114,"$2,000,000 ",,,
"Weaver, Luke",rhp,6.112,"$2,000,000 ",,,
"Wendle, Joey",ss,6.088,"$2,000,000 ",,,
"Winker, Jesse",dh-lf,6.080,"$2,000,000 ",,,
"Vogelbach, Daniel",dh-1b,5.138,"$2,000,000 ",,,
"López, Jorge",rhp,5.102,"$2,000,000 ",,,
"Turnbull, Spencer",rhp-s,5.020,"$2,000,000 ",,,
"Hampson, Garrett",2b-of,5.010,"$2,000,000 ",,,
"Senzel, Nick",3b,4.150,"$2,000,000 ",,,
"Rodríguez, Joely",lhp,4.096,"$2,000,000 ",,,
"Irvin, Cole",lhp-s,3.083,"$2,000,000 ",,,
"Wells, Tyler",rhp-s,2.132,"$1,962,500 ",,,
"Alexander, Tyler",lhp-s,4.058,"$1,950,000 ",,,
"Tauchman, Mike",cf,3.143,"$1,950,000 ",,,
"García Jr., Luis",2b,2.142,"$1,950,000 ",,,
"Matzek, Tyler",lhp,5.019,"$1,900,000 ",,,
"Almonte, Yency",rhp,4.143,"$1,900,000 ",,,
"Karinchak, James",rhp,3.099,"$1,900,000 ",,,
"Garcia, Luis",rhp-s,3.083,"$1,875,000 ",,,
"Rasmussen, Drew",rhp-s,3.111,"$1,862,500 ",,,
"Refsnyder, Rob",2b-of,5.048,"$1,850,000 ",,,
"Littell, Zack",rhp-s,4.043,"$1,850,000 ",,,
"Knizner, Andrew",c,4.021,"$1,825,000 ",,,
"Madrigal, Nick",2b,3.163,"$1,810,000 ",,,
"Hill, Tim",lhp,5.112,"$1,800,000 ",,,
"Puk, A.J.",lhp-s,3.124,"$1,800,000 ",,,
"Wright, Kyle",rhp-s,3.062,"$1,800,000 ",,,
"Ureña, José",rhp-s,7.045,"$1,750,000 ",,,
"DeJong, Paul",ss,6.057,"$1,750,000 ",,,
"Cooper, Garrett",1b,6.053,"$1,750,000 ",,,
"Cisnero, José",rhp,6.020,"$1,750,000 ",,,
"Flexen, Chris",rhp-s,3.096,"$1,750,000 ",,,
"Abreu, Bryan",rhp,3.022,"$1,750,000 ",,,
"Go, Woo Suk",rhp,0.000,"$1,750,000 ",,,
"Tovar, Ezequiel",ss,1.014,"$1,714,286 ",,,
"Jankowski, Travis",cf,6.153,"$1,700,000 ",,,
"Andujar, Miguel",3b,4.053,"$1,700,000 ",,,
"Sosa, Edmundo",ss,3.140,"$1,700,000 ",,,
"Rogers, Jake",c,3.040,"$1,700,000 ",,,
"Beeks, Jalen",lhp,5.003,"$1,675,000 ",,,
"Cimber, Adam",rhp,5.156,"$1,650,000 ",,,
"Lucchesi, Joey",lhp-s,4.112,"$1,650,000 ",,,
"Payamps, Joel",rhp,3.027,"$1,650,000 ",,,
"Borucki, Ryan",lhp,5.006,"$1,600,000 ",,,
"McKenzie, Triston",rhp-s,3.074,"$1,600,000 ",,,
"Stephan, Trevor",rhp,3.000,"$1,600,000 ",,,
"Anderson, Nick",rhp,4.153,"$1,575,000 ",,,
"Baddoo, Akil",of,2.119,"$1,550,000 ",,,
"Rogers, Trevor",lhp-s,3.094,"$1,530,000 ",,,
"Cabrera, Génesis",lhp,4.011,"$1,512,500 ",,,
"Wilson, Justin",lhp,11.035,"$1,500,000 ",,,
"Grichuk, Randal",cf,9.033,"$1,500,000 ",,,
"Leone, Dominic",rhp,7.133,"$1,500,000 ",,,
"Urshela, Gio",ss,6.127,"$1,500,000 ",,,
"Rosario, Amed",ss,6.062,"$1,500,000 ",,,
"Ross, Joe",rhp-s,6.018,"$1,500,000 ",,,
"Trivino, Lou",rhp,5.163,"$1,500,000 ",,,
"Stallings, Jacob",c,5.149,"$1,500,000 ",,,
"Gott, Trevor",rhp,5.057,"$1,500,000 ",,,
"Hudson, Dakota",rhp-s,4.156,"$1,500,000 ",,,
"Rainey, Tanner",rhp,4.127,"$1,500,000 ",,,
"Law, Derek",rhp,4.081,"$1,500,000 ",,,
"Tate, Dillon",rhp,4.048,"$1,500,000 ",,,
"McGuire, Reese",c,4.027,"$1,500,000 ",,,
"Leiter Jr., Mark",rhp,3.031,"$1,500,000 ",,,
"Ashby, Aaron",lhp,2.046,"$1,450,000 ",,,
"Stewart, DJ",of,2.168,"$1,380,000 ",,,
"Thompson, Ryan",rhp,3.095,"$1,350,000 ",,,
"Bauers, Jake",1b,3.084,"$1,350,000 ",,,
"Olivares, Edward",lf,3.049,"$1,350,000 ",,,
"Kirilloff, Alex",1b,2.141,"$1,350,000 ",,,
"Kinley, Tyler",rhp,5.014,"$1,300,000 ",,,
"Jackson, Jay",rhp,2.028,"$1,300,000 ",,,
"Chargois, JT",rhp,4.101,"$1,285,000 ",,,
"Toro, Abraham",3b,3.011,"$1,275,000 ",,,
"Anderson, Chase",rhp-s,8.141,"$1,250,000 ",,,
"Clarke, Taylor",rhp,4.120,"$1,250,000 ",,,
"Voth, Austin",rhp,4.115,"$1,250,000 ",,,
"Lambert, Peter",rhp,3.128,"$1,250,000 ",,,
"Walsh, Jared",1b,3.114,"$1,250,000 ",,,
"Hernández, Jonathan",rhp,3.131,"$1,245,000 ",,,
"Lux, Gavin",2b,3.114,"$1,225,000 ",,,
"Topa, Justin",rhp,3.044,"$1,225,000 ",,,
"Ginkel, Kevin",rhp,3.032,"$1,225,000 ",,,
"Thornton, Trent",rhp-s,3.148,"$1,200,000 ",,,
"Beede, Tyler",rhp,3.102,"$1,200,000 ",,,
"Pérez, Cionel",lhp,3.085,"$1,200,000 ",,,
"Waguespack, Jacob",rhp,1.105,"$1,200,000 ",,,
"Merryweather, Julian",rhp,3.109,"$1,175,000 ",,,
"Schreiber, John",rhp,3.027,"$1,175,000 ",,,
"Bello, Brayan",rhp-s,1.082,"$1,166,667 ",,,
"Hentges, Sam",lhp,2.157,"$1,162,500 ",,,
"Young, Alex",lhp,3.143,"$1,160,000 ",,,
"De Los Santos, Enyel",rhp,3.015,"$1,160,000 ",,,
"Guillorme, Luis",inf,4.159,"$1,100,000 ",,,
"Taylor, Josh",lhp,4.118,"$1,100,000 ",,,
"Vargas, Ildemaro",2b,4.007,"$1,100,000 ",,,
"Sandlin, Nick",rhp,2.157,"$1,075,000 ",,,
"Okert, Steven",lhp,3.109,"$1,062,500 ",,,
"Brentz, Jake",lhp,3.000,"$1,050,000 ",,,
"Burke, Brock",lhp,3.065,"$1,035,000 ",,,
"Sborz, Josh",rhp,3.055,"$1,025,000 ",,,
"Wilson, Bryse",rhp-s,3.036,"$1,025,000 ",,,
"Hernández, Carlos",rhp,2.145,"$1,012,500 ",,,
"King, John",lhp,2.148,"$1,005,000 ",,,
"Profar, Jurickson",lf,9.165,"$1,000,000 ",,,
"Pillar, Kevin",cf,9.072,"$1,000,000 ",,,
"Treinen, Blake",rhp,9.065,"$1,000,000 ",,,
"Devenski, Chris",rhp,7.020,"$1,000,000 ",,,
"Kemp, Tony",2b,6.098,"$1,000,000 ",,,
"Newcomb, Sean",lhp-s,4.113,"$1,000,000 ",,,
"Smith, Burch",rhp,4.092,"$1,000,000 ",,,
"Cave, Jake",rf,4.071,"$1,000,000 ",,,
"Plesac, Zach",rhp-s,3.121,"$1,000,000 ",,,
"Vesia, Alex",lhp,3.078,"$1,000,000 ",,,
"Tonkin, Michael",rhp,3.074,"$1,000,000 ",,,
"Webb, Jacob",rhp,3.046,"$1,000,000 ",,,
"Strider, Spencer",rhp-s,2.003,"$1,000,000 ",,,
"Bautista, Félix",rhp-c,2.000,"$1,000,000 ",,,
"Staumont, Josh",rhp,4.071,"$950,000 ",,,
"Suarez, José",lhp-s,3.084,"$925,000 ",,,
"Mantiply, Joe",lhp,3.029,"$925,000 ",,,
"Hamilton, Ian",rhp,1.126,"$923,050 ",,,
"Haggerty, Sam",2b,3.044,"$900,000 ",,,
"Gordon, Nick",ss,2.136,"$900,000 ",,,
"Stewart, Brock",rhp,2.093,"$900,000 ",,,
"Sanó, Miguel",1b-dh,7.066,"$875,000 ",,,
"Bazardo, Eduard",rhp,0.168,"$870,600 ",,,
"González, Victor",lhp,3.058,"$860,000 ",,,
"Romero, JoJo",lhp,3.045,"$860,000 ",,,
"Ahmed, Nick",ss,9.046,"$850,000 ",,,
"McFarland, T.J.",lhp,8.050,"$850,000 ",,,
"Wade, Tyler",2b,4.058,"$850,000 ",,,
"Morejon, Adrian",lhp,3.140,"$850,000 ",,,
"Covey, Dylan",rhp,3.138,"$850,000 ",,,
"Stubbs, Garrett",c,3.120,"$850,000 ",,,
"Fleming, Josh",lhp-s,2.144,"$850,000 ",,,
"Singleton, Jon",1b,1.069,"$850,000 ",,,
"Quijada, José",lhp,3.046,"$840,000 ",,,
"Antone, Tejay",rhp,4.000,"$830,000 ",,,
"Mize, Casey",rhp-s,3.111,"$830,000 ",,,
"Ryan, Ryder",rhp,0.010,"$830,000 ",,,
"Akin, Keegan",lhp,3.079,"$825,000 ",,,
"Ynoa, Huascar",rhp,3.011,"$825,000 ",,,
"Volpe, Anthony",ss,1.000,"$810,100 ",,,
"Shaw, Bryan",rhp,11.069,"$800,000 ",,,
"Adams, Austin L.",rhp,4.150,"$800,000 ",,,
"Burdi, Nick",rhp,3.140,"$800,000 ",,,
"Crochet, Garrett",lhp,3.028,"$800,000 ",,,
"Pearson, Nate",rhp,3.005,"$800,000 ",,,
"Perkins, Blake",cf,0.133,"$800,000 ",,,
"Stratton, Hunter",rhp,0.028,"$800,000 ",,,
"Kirby, George",rhp-s,1.151,"$798,600 ",,,
"Garrett, Stone",of,1.050,"$798,600 ",,,
"Raleigh, Cal",c,2.085,"$795,000 ",,,
"Alcala, Jorge",rhp,4.014,"$790,000 ",,,
"Scott, Tayler",rhp,1.015,"$790,000 ",,,
"Perdomo, Geraldo",ss,2.015,"$786,000 ",,,
"Peña, Jeremy",ss,2.000,"$783,500 ",,,
"Cabrera, Oswaldo",2b-3b,1.048,"$783,000 ",,,
"Manoah, Alek",rhp-s,2.063,"$782,500 ",,,
"Vieira, Thyago",rhp,0.110,"$777,500 ",,,
"Brown, Hunter",rhp-s,1.035,"$774,500 ",,,
"Weems, Jordan",rhp,2.055,"$773,500 ",,,
"Reid-Foley, Sean",rhp,2.133,"$772,750 ",,,
"Feyereisen, J.P.",rhp,3.108,"$770,000 ",,,
"Bender, Anthony",rhp,2.153,"$770,000 ",,,
"Houck, Tanner",rhp,2.100,"$770,000 ",,,
"Adell, Jo",of,2.085,"$770,000 ",,,
"Doval, Camilo",rhp-c,2.071,"$770,000 ",,,
"Detmers, Reid",lhp-s,2.064,"$770,000 ",,,
"Thaiss, Matt",c,2.038,"$770,000 ",,,
"Moniak, Mickey",of,2.027,"$770,000 ",,,
"Bart, Joey",c,2.020,"$770,000 ",,,
"Outman, James",cf,1.006,"$770,000 ",,,
"Thomas, Alek",cf,1.132,"$769,500 ",,,
"Diaz, Yainer",c,1.035,"$768,900 ",,,
"Ramirez, Yohan",rhp,2.102,"$768,750 ",,,
"De La Cruz, Bryan",lf,2.056,"$768,000 ",,,
"Stott, Bryson",2b,2.000,"$768,000 ",,,
"France, J.P.",rhp-s,0.149,"$767,600 ",,,
"Meyers, Jake",lf,2.044,"$767,300 ",,,
"Morel, Christopher",3b,1.117,"$767,000 ",,,
"Contreras, William",c,2.112,"$766,900 ",,,
"Peraza, Oswald",ss,0.123,"$766,600 ",,,
"Marsh, Brandon",cf,2.078,"$766,500 ",,,
"White, Mitch",rhp,2.043,"$766,400 ",,,
"Foley, Jason",rhp,2.033,"$766,300 ",,,
"Greene, Riley",cf,1.110,"$766,300 ",,,
"Megill, Tylor",rhp,2.073,"$766,250 ",,,
"Ibáñez, Andy",3b,1.170,"$766,100 ",,,
"Vierling, Matt",lf,2.026,"$766,000 ",,,
"McCarthy, Jake",rf,1.124,"$766,000 ",,,
"Torkelson, Spencer",1b,1.137,"$765,700 ",,,
"Bielak, Brandon",rhp-s,2.110,"$765,000 ",,,
"Oviedo, Johan",rhp-s,2.079,"$765,000 ",,,
"McKinstry, Zach",2b,2.099,"$764,400 ",,,
"Nelson, Ryne",rhp-s,1.020,"$764,300 ",,,
"Reyes, Pablo",2b-of,2.043,"$764,000 ",,,
"Garrett, Braxton",lhp,1.168,"$764,000 ",,,
"Álvarez, Francisco",c,1.006,"$762,500 ",,,
"Cuas, Jose",rhp,1.129,"$762,000 ",,,
"Ober, Bailey",rhp,2.093,"$761,850 ",,,
"Jax, Griffin",rhp,2.091,"$761,750 ",,,
"Brogdon, Connor",rhp,2.139,"$761,000 ",,,
"Nootbaar, Lars",lf,2.076,"$761,000 ",,,
"Cabrera, Edward",rhp-s,1.147,"$761,000 ",,,
"Carpenter, Kerry",of,1.057,"$761,000 ",,,
"Vest, Will",rhp,2.100,"$760,700 ",,,
"Lange, Alex",rhp-c,2.112,"$760,600 ",,,
"Pache, Cristian",of,2.031,"$760,500 ",,,
"Henry, Tommy",lhp,1.053,"$760,500 ",,,
"Rutschman, Adley",c,2.000,"$760,300 ",,,
"Moreno, Gabriel",c,1.061,"$760,100 ",,,
"Gilbreath, Lucas",lhp,2.148,"$760,000 ",,,
"Dalbec, Bobby",3b,2.115,"$760,000 ",,,
"Gibaut, Ian",rhp,2.077,"$760,000 ",,,
"Moll, Sam",lhp,2.075,"$760,000 ",,,
"Díaz, Alexis",rhp-c,2.000,"$760,000 ",,,
"Lodolo, Nick",lhp-s,2.000,"$760,000 ",,,
"Kelenic, Jarred",lf,1.169,"$760,000 ",,,
"Duran, Jarren",cf,1.151,"$760,000 ",,,
"Lee, Dylan",lhp,1.150,"$760,000 ",,,
"Crawford, Kutter",rhp-s,1.136,"$760,000 ",,,
"Burger, Jake",3b,1.127,"$760,000 ",,,
"Soriano, José",rhp-s,1.121,"$760,000 ",,,
"Wong, Connor",c,1.079,"$760,000 ",,,
"Winckowski, Josh",rhp,1.074,"$760,000 ",,,
"Casas, Triston",1b,1.032,"$760,000 ",,,
"Grove, Michael",rhp,1.031,"$760,000 ",,,
"O'Hoppe, Logan",c,1.008,"$760,000 ",,,
"Lambert, Jimmy",rhp,2.108,"$759,250 ",,,
"Fortes, Nick",c,1.149,"$759,000 ",,,
"Ryan, Joe",rhp-s,2.033,"$758,850 ",,,
"Holton, Tyler",lhp,1.045,"$758,300 ",,,
"Isbel, Kyle",cf,2.043,"$758,250 ",,,
"Siri, Jose",cf,2.015,"$757,800 ",,,
"Clement, Ernie",ss,1.168,"$757,700 ",,,
"Kwan, Steven",lf,2.000,"$757,600 ",,,
"Brash, Matt",rhp-s,1.121,"$757,600 ",,,
"Gray, Josiah",rhp-s,2.075,"$757,400 ",,,
"Walls, Taylor",ss,2.092,"$757,300 ",,,
"Nelson, Kyle",lhp,2.076,"$757,300 ",,,
"Donovan, Brendan",2b,2.000,"$757,200 ",,,
"Massey, Michael",2b,1.068,"$757,000 ",,,
"Sheets, Gavin",1b,2.076,"$756,950 ",,,
"Pallante, Andre",rhp,1.166,"$756,900 ",,,
"Zavala, Seby",c,2.045,"$756,700 ",,,
"Kremer, Dean",rhp-s,2.112,"$756,600 ",,,
"Megill, Trevor",rhp,2.002,"$756,600 ",,,
"Henderson, Gunnar",ss,1.036,"$756,200 ",,,
"Jung, Josh",3b,1.027,"$756,000 ",,,
"Lowe, Josh",rf-3b,1.093,"$755,700 ",,,
"Gorman, Nolan",inf-dh,1.139,"$755,550 ",,,
"Rortvedt, Ben",c,2.043,"$755,400 ",,,
"Banks, Tanner",lhp,1.092,"$755,050 ",,,
"Warren, Austin",rhp,1.171,"$755,000 ",,,
"Holderman, Colin",rhp,1.144,"$755,000 ",,,
"Falter, Bailey",lhp-s,1.138,"$755,000 ",,,
"Suwinski, Jack",cf,1.118,"$755,000 ",,,
"Cruz, Oneil",ss,1.110,"$755,000 ",,,
"Moreta, Dauri",rhp,1.104,"$755,000 ",,,
"Contreras, Roansy",rhp-s,1.039,"$755,000 ",,,
"Assad, Javier",rhp,1.027,"$755,000 ",,,
"Bae, Ji Hwan",2b,1.013,"$755,000 ",,,
"Hernandez, Jose",lhp,1.000,"$755,000 ",,,
"Delay, Jason",c,0.095,"$755,000 ",,,
"Melendez, MJ",rf-lf,1.153,"$754,750 ",,,
"Campusano, Luis",c,1.144,"$754,700 ",,,
"Bradish, Kyle",rhp-s,1.160,"$754,500 ",,,
"Duran, Ezequiel",2b,1.072,"$754,500 ",,,
"Pfaadt, Brandon",rhp,0.097,"$754,400 ",,,
"Peguero, Elvis",rhp,1.070,"$754,300 ",,,
"Raley, Luke",rf,1.106,"$754,200 ",,,
"Nardi, Andrew",lhp,1.053,"$754,000 ",,,
"Ragans, Cole",lhp-s,1.029,"$753,750 ",,,
"Martinez, Seth",rhp,1.108,"$753,600 ",,,
"Sánchez, Cristopher",lhp,1.083,"$753,500 ",,,
"Speier, Gabe",lhp,2.030,"$753,300 ",,,
"Saucedo, Tayler",lhp,2.107,"$753,100 ",,,
"Brazoban, Huascar",rhp,1.074,"$753,000 ",,,
"Pasquantino, Vinnie",1b,1.101,"$752,750 ",,,
"Weathers, Ryan",lhp-s,1.066,"$752,600 ",,,
"Miller, Bryce",rhp,0.153,"$752,600 ",,,
"Monasterio, Andruw",3b,0.128,"$752,500 ",,,
"Abrams, CJ",ss,1.130,"$752,400 ",,,
"Cano, Yennier",rhp,1.064,"$752,300 ",,,
"Olson, Reese",rhp-s,0.123,"$752,300 ",,,
"Meneses, Joey",dh-1b,1.065,"$752,000 ",,,
"Wilson, Steven",rhp,2.000,"$751,900 ",,,
"Winder, Josh",rhp,1.065,"$751,850 ",,,
"Caballero, Jose",2b-ss,0.170,"$751,700 ",,,
"Rucker, Michael",rhp,1.156,"$751,500 ",,,
"Marte, Yunior",rhp,1.040,"$751,500 ",,,
"Garcia, Maikel",3b,0.168,"$751,250 ",,,
"Morgan, Eli",rhp,2.108,"$751,200 ",,,
"Serven, Brian",c,1.012,"$751,000 ",,,
"Adams, Riley",c,2.050,"$750,900 ",,,
"Thompson, Zack",lhp-s,1.045,"$750,850 ",,,
"Hoeing, Bryan",rhp,1.000,"$750,500 ",,,
"Cosgrove, Tom",lhp,0.159,"$750,500 ",,,
"Burleson, Alec",of,1.029,"$750,050 ",,,
"Foster, Matt",rhp,3.093,"$750,000 ",,,
"Rooker, Brent",of,2.059,"$750,000 ",,,
"Effross, Scott",rhp,2.037,"$750,000 ",,,
"Jiménez, Dany",rhp-c,2.031,"$750,000 ",,,
"Mears, Nick",rhp,2.022,"$750,000 ",,,
"Jackson, Zach",rhp,2.000,"$750,000 ",,,
"Kranick, Max",rhp,1.143,"$750,000 ",,,
"Ashcraft, Graham",rhp-s,1.136,"$750,000 ",,,
"Lively, Ben",rhp,1.133,"$750,000 ",,,
"Martini, Nick",1b-lf,1.127,"$750,000 ",,,
"Fairchild, Stuart",of,1.114,"$750,000 ",,,
"Friedl, TJ",lf,1.112,"$750,000 ",,,
"Marchán, Rafael",c,1.075,"$750,000 ",,,
"Santos, Gregory",rhp,1.055,"$750,000 ",,,
"Benson, Will",cf,1.042,"$750,000 ",,,
"Cruz, Fernando",rhp,1.035,"$750,000 ",,,
"Steer, Spencer",3b,1.035,"$750,000 ",,,
"Baty, Brett",3b,1.022,"$750,000 ",,,
"Neto, Zach",ss,0.170,"$750,000 ",,,
"Silseth, Chase",rhp-s,0.153,"$750,000 ",,,
"Erceg, Lucas",rhp,0.136,"$750,000 ",,,
"Miller, Bobby",rhp,0.132,"$750,000 ",,,
"Bachman, Sam",rhp,0.129,"$750,000 ",,,
"Kelly, Michael",rhp,0.112,"$750,000 ",,,
"Stefanic, Michael",2b,0.093,"$750,000 ",,,
"Sheehan, Emmet",rhp,0.080,"$750,000 ",,,
"Wall, Forrest",of,0.060,"$750,000 ",,,
"Schanuel, Nolan",1b-of,0.045,"$750,000 ",,,
"Zuñiga, Guillermo",rhp,0.045,"$750,000 ",,,
"Wells, Austin",c,0.031,"$750,000 ",,,
"Blanco, Ronel",rhp-s,0.101,"$749,800 ",,,
"Jameson, Drey",rhp,1.003,"$749,700 ",,,
"Gore, MacKenzie",lhp-s,2.000,"$749,600 ",,,
"Parsons, Wes",rhp,0.089,"$749,600 ",,,
"Smith, Josh H.",ss-2b,1.129,"$749,500 ",,,
"Abreu, Wilyer",of,0.041,"$749,500 ",,,
"Sands, Cole",rhp,1.017,"$749,450 ",,,
"Patiño, Luis",rhp,2.061,"$749,400 ",,,
"Thompson, Mason",rhp,2.046,"$749,200 ",,,
"Woo, Bryan",rhp,0.121,"$749,000 ",,,
"Baumann, Mike",rhp,1.072,"$748,900 ",,,
"Ortega, Oliver",rhp,1.019,"$748,500 ",,,
"Florial, Estevan",of,0.118,"$748,500 ",,,
"Bradford, Cody",lhp,0.086,"$748,500 ",,,
"Frías, Luis",rhp,0.149,"$748,300 ",,,
"Rodriguez, Grayson",rhp,0.129,"$748,300 ",,,
"Zerpa, Angel",lhp,1.079,"$748,250 ",,,
"Turang, Brice",2b,0.165,"$748,200 ",,,
"Pérez, Eury",rhp,0.113,"$748,000 ",,,
"Francis, Bowden",rhp,0.098,"$748,000 ",,,
"Bailey, Patrick",c,0.136,"$747,500 ",,,
"Walker, Ryan",rhp,0.136,"$747,500 ",,,
"Beck, Tristan",rhp,0.129,"$747,500 ",,,
"Ortiz, Luis",rhp,0.121,"$747,500 ",,,
"Mlodzinski, Carmen",rhp,0.108,"$747,500 ",,,
"Davis, Henry",c,0.105,"$747,500 ",,,
"Walker, Jordan",rf,0.149,"$747,450 ",,,
"Mushinski, Parker",lhp,1.016,"$747,400 ",,,
"Uribe, Abner",rhp,0.086,"$747,400 ",,,
"Short, Zack",ss,1.086,"$747,300 ",,,
"Snider, Collin",rhp,0.167,"$747,300 ",,,
"Scholtens, Jesse",rhp,0.125,"$747,250 ",,,
"Duran, Jhoan",rhp-c,2.000,"$747,200 ",,,
"Liberatore, Matthew",lhp,0.144,"$747,200 ",,,
"Otto, Glenn",rhp-s,1.165,"$747,000 ",,,
"Velázquez, Nelson",of,1.013,"$747,000 ",,,
"Cleavinger, Garrett",lhp,2.060,"$746,900 ",,,
"Meadows, Parker",of,0.042,"$746,900 ",,,
"Julien, Edouard",2b,0.135,"$746,750 ",,,
"Wentz, Joey",lhp,0.166,"$746,700 ",,,
"Faedo, Alex",rhp,0.169,"$746,600 ",,,
"Avila, Pedro",rhp,0.099,"$746,600 ",,,
"Amaya, Miguel",c,0.130,"$746,500 ",,,
"Frelick, Sal",of,0.072,"$746,500 ",,,
"Marcano, Tucupita",2b,1.139,"$746,000 ",,,
"Mastrobuoni, Miles",2b,0.140,"$746,000 ",,,
"Brito, Jhony",rhp,0.113,"$746,000 ",,,
"Soriano, George",rhp,0.112,"$746,000 ",,,
"Campbell, Isaiah",rhp,0.086,"$746,000 ",,,
"Bruján, Vidal",2b,1.014,"$745,800 ",,,
"Westburg, Jordan",ss,0.098,"$745,800 ",,,
"Domínguez, Jasson",of,0.031,"$745,800 ",,,
"McArthur, James",rhp,0.150,"$745,750 ",,,
"Lewis, Royce",ss,1.142,"$745,700 ",,,
"Azocar, José",lf-cf,1.097,"$745,700 ",,,
"Bibee, Tanner",rhp-s,1.000,"$745,700 ",,,
"Irvin, Jake",rhp,0.152,"$745,600 ",,,
"Wallner, Matt",of,0.111,"$745,550 ",,,
"Varland, Louie",rhp,0.108,"$745,400 ",,,
"Palacios, Richie",of-2b,0.156,"$745,200 ",,,
"Pinto, René",c,0.150,"$745,100 ",,,
"Lawrence, Justin",rhp,1.167,"$745,000 ",,,
"Feltner, Ryan",rhp-s,1.143,"$745,000 ",,,
"Bird, Jake",rhp,1.117,"$745,000 ",,,
"Trejo, Alan",ss,1.111,"$745,000 ",,,
"Allen, Nick",ss,1.094,"$745,000 ",,,
"Sears, JP",lhp-s,1.081,"$745,000 ",,,
"Montero, Elehuris",3b,1.061,"$745,000 ",,,
"Bleday, JJ",of,1.055,"$745,000 ",,,
"Langeliers, Shea",c,1.051,"$745,000 ",,,
"Bride, Jonah",1b,1.039,"$745,000 ",,,
"Waldichuk, Ken",lhp-s,1.035,"$745,000 ",,,
"Ruiz, Esteury",cf,1.029,"$745,000 ",,,
"Jones, Nolan",3b,1.007,"$745,000 ",,,
"Tarnok, Freddy",rhp,1.002,"$745,000 ",,,
"Noda, Ryan",1b,1.000,"$745,000 ",,,
"Rojas, Johan",of,0.080,"$745,000 ",,,
"Triolo, Jared",2b,0.078,"$745,000 ",,,
"Rodríguez, Endy",c,0.077,"$745,000 ",,,
"Carter, Evan",of,0.024,"$745,000 ",,,
"Williams, Alika",ss,0.002,"$745,000 ",,,
"Brennan, Will",of,1.015,"$744,900 ",,,
"Pepiot, Ryan",rhp-s,1.005,"$744,900 ",,,
"Schneider, Davis",inf,0.059,"$744,900 ",,,
"Marsh, Alec",rhp,0.094,"$744,750 ",,,
"Weiss, Zack",rhp,0.091,"$744,550 ",,,
"Fermin, Freddy",c,0.165,"$744,500 ",,,
"Rosario, Eguy",2b,1.021,"$744,400 ",,,
"Curry, Xzavion",rhp,1.003,"$744,400 ",,,
"Mitchell, Garrett",cf,1.040,"$744,300 ",,,
"Allen, Logan",lhp-s,0.143,"$744,300 ",,,
"Hall, DL",lhp-s,0.074,"$744,200 ",,,
"Arias, Gabriel",ss,1.019,"$744,100 ",,,
"Ortiz, Luis",rhp,0.103,"$744,000 ",,,
"Blanco, Dairon",lf-cf,0.132,"$743,750 ",,,
"Hjelle, Sean",rhp,0.072,"$743,750 ",,,
"Winn, Keaton",rhp,0.053,"$743,750 ",,,
"Harrison, Kyle",lhp,0.041,"$743,750 ",,,
"Canzone, Dominic",of,0.087,"$743,700 ",,,
"Baz, Shane",rhp-s,2.014,"$743,600 ",,,
"Jarvis, Bryce",rhp,0.040,"$743,600 ",,,
"Gipson-Long, Sawyer",rhp,0.022,"$743,600 ",,,
"Weissert, Greg",rhp,0.088,"$743,500 ",,,
"Murphy, Chris",lhp,0.081,"$743,500 ",,,
"Valdez, Enmanuel",3b,0.077,"$743,500 ",,,
"Rafaela, Ceddanne",3b-of,0.035,"$743,500 ",,,
"Mauricio, Ronny",ss,0.031,"$743,500 ",,,
"Bradley, Taj",rhp,0.114,"$743,300 ",,,
"Moore, McKinley",rhp,0.012,"$743,250 ",,,
"Herrera, Iván",c,0.063,"$743,150 ",,,
"Meyer, Max",rhp-s,1.082,"$743,000 ",,,
"Kowar, Jackson",rhp,0.163,"$743,000 ",,,
"Ferrer, Jose",lhp,0.094,"$743,000 ",,,
"Edwards, Xavier",ss,0.052,"$743,000 ",,,
"Rodríguez, Yerry",rhp,0.044,"$743,000 ",,,
"Fletcher, Domininc",rf,0.062,"$742,900 ",,,
"Aranda, Jonathan",2b,0.103,"$742,800 ",,,
"Garcia, Robert",rhp,0.073,"$742,800 ",,,
"Cowser, Colton",of,0.043,"$742,800 ",,,
"Vespi, Nick",lhp,0.126,"$742,700 ",,,
"McLain, Matt",ss,0.140,"$742,500 ",,,
"Williamson, Brandon",lhp,0.139,"$742,500 ",,,
"Thompson, Bubba",of,0.134,"$742,500 ",,,
"Abbott, Andrew",lhp,0.119,"$742,500 ",,,
"De La Cruz, Elly",ss-3b,0.118,"$742,500 ",,,
"Stone, Gavin",rhp,0.034,"$742,500 ",,,
"Hurt, Kyle",rhp,0.020,"$742,500 ",,,
"Kerkering, Orion",rhp,0.010,"$742,500 ",,,
"DeLuca, Jonny",lf,0.085,"$742,400 ",,,
"Sousa, Bennett",lhp,0.156,"$742,300 ",,,
"Mead, Curtis",3b-1b,0.040,"$742,300 ",,,
"Winn, Masyn",ss,0.045,"$742,250 ",,,
"Rom, Drew",lhp,0.044,"$742,200 ",,,
"Kessinger, Grae",ss,0.119,"$742,100 ",,,
"Naylor, Bo",c,0.113,"$742,100 ",,,
"Williams, Gavin",rhp-s,0.103,"$742,100 ",,,
"Freeman, Tyler",ss,1.046,"$742,000 ",,,
"Doyle, Brenton",of,0.161,"$742,000 ",,,
"Sánchez, Sixto",rhp-s,0.103,"$742,000 ",,,
"Toglia, Michael",1b,0.103,"$742,000 ",,,
"Grissom, Vaughn",2b,0.094,"$742,000 ",,,
"Cronin, Declan",rhp,0.052,"$742,000 ",,,
"Vodnik, Victor",rhp,0.024,"$742,000 ",,,
"Loftin, Nick",2b,0.031,"$741,900 ",,,
"Fitzgerald, Tyler",2b-ss,0.011,"$741,875 ",,,
"Lee, Korey",c,0.071,"$741,850 ",,,
"Waldron, Matt",rhp,0.054,"$741,800 ",,,
"Hudson, Bryan",lhp,0.017,"$741,700 ",,,
"Siani, Michael",of,0.033,"$741,650 ",,,
"Dubin, Shawn",rhp,0.015,"$741,600 ",,,
"Busch, Michael",2b,0.045,"$741,500 ",,,
"Wicks, Jordan",lhp,0.037,"$741,500 ",,,
"Ortiz, Joey",ss,0.030,"$741,500 ",,,
"Hancock, Emerson",rhp,0.054,"$741,300 ",,,
"Small, Ethan",lhp,0.010,"$741,300 ",,,
"Jones, Jahmai",2b,0.077,"$741,200 ",,,
"Bolton, Cody",rhp,0.076,"$741,100 ",,,
"Fry, David",c-inf,0.154,"$741,000 ",,,
"Latz, Jake",lhp,0.022,"$741,000 ",,,
"Herrin, Tim",lhp,0.077,"$740,800 ",,,
"Gaddis, Hunter",rhp,0.073,"$740,700 ",,,
"García, Deivi",rhp,0.084,"$740,550 ",,,
"Little, Luke",lhp,0.140,"$740,500 ",,,
"Simpson, Josh",lhp,0.020,"$740,500 ",,,
"Kilian, Caleb",rhp,0.020,"$740,500 ",,,
"O'Brien, Riley",rhp,0.009,"$740,450 ",,,
"Shewmake, Braden",ss,0.014,"$740,350 ",,,
"Cavalli, Cade",rhp,1.041,"$740,200 ",,,
"Rocchio, Brayan",ss,0.037,"$740,200 ",,,
"Chavez, Jesse",rhp,13.038,"$740,000 ",,,
"Murfee, Penn",rhp,1.169,"$740,000 ",,,
"Perdomo, Angel",lhp,1.131,"$740,000 ",,,
"Duarte, Daniel",rhp,1.087,"$740,000 ",,,
"Miller, Mason",rhp,0.166,"$740,000 ",,,
"Muller, Kyle",lhp-s,0.149,"$740,000 ",,,
"Medina, Luis",rhp,0.146,"$740,000 ",,,
"Gelof, Zack",2b,0.080,"$740,000 ",,,
"Encarnacion-Strand, Christian",1b-3b,0.077,"$740,000 ",,,
"Butler, Lawrence",1b-of,0.052,"$740,000 ",,,
"Funderburk, Kody",lhp,0.035,"$740,000 ",,,
"Boyle, Joe",rhp-s,0.015,"$740,000 ",,,
"Nunez, Nasim",ss,0.000,"$740,000 ",,,
"Coleman, Carson",rhp,0.000,"$740,000 ",,,
"Langford, Wyatt",of,0.000,"$740,000 ",,,
"Shenton, Austin",3b,0.000,"$740,000 ",,,
"Fernandez, Ryan",rhp,0.000,"$740,000 ",,,
"Scott II, Victor",cf,0.000,"$740,000 ",,,
"Miller, Erik",lhp,0.000,"$740,000 ",,,
"Roupp, Landon",rhp,0.000,"$740,000 ",,,
"Kolek, Stephen",rhp,0.000,"$740,000 ",,,
"Merrill, Jackson",cf-ss,0.000,"$740,000 ",,,
"Pauley, Graham",3b,0.000,"$740,000 ",,,
"Jones, Jared",rhp,0.000,"$740,000 ",,,
"Hernaiz, Darell",ss,0.000,"$740,000 ",,,
"Spence, Mitch",rhp,0.000,"$740,000 ",,,
"Beeter, Clayton",rhp,0.000,"$740,000 ",,,
"Dunn, Oliver",2b-lf,0.000,"$740,000 ",,,
"Sauer, Matt",rhp,0.000,"$740,000 ",,,
"Molina, Anthony",rhp,0.000,"$740,000 ",,,
"Martínez, Angel",ss,0.000,"$740,000 ",,,
"Smith, Cade",rhp,0.000,"$740,000 ",,,
"Drohan, Shane",lhp,0.000,"$740,000 ",,,
"Leasure, Jordan",rhp,0.000,"$740,000 ",,,
"Mata, Bryan",rhp,0.000,"$740,000 ",,,
"Slaten, Justin",rhp,0.000,"$740,000 ",,,
"Alexander, Blaze",ss,0.000,"$740,000 ",,,
"Nola, Austin",c,4.045,,,,
"Allard, Kolby",lhp,3.162,,,,
"Herget, Jimmy",rhp,2.152,,,,
"Manning, Matt",rhp-s,2.098,,,,
"Smith, Pavin",1b,2.091,,,,
"Nelson, Nick",rhp,2.085,,,,
"Lynch IV, Daniel",lhp-s,2.083,,,,
"Martin, Corbin",rhp,2.079,,,,
"Miller, Owen",2b,2.076,,,,
"Anderson, Ian",rhp,2.046,,,,
"Thompson, Keegan",rhp,2.034,,,,
"Pop, Zach",rhp,2.024,,,,
"Heineman, Tyler",c,2.020,,,,
"Ramirez, Nick",lhp,2.019,,,,
"Larnach, Trevor",of,2.014,,,,
"Brieske, Beau",rhp,1.166,,,,
"Baker, Bryan",rhp,1.152,,,,
"Huff, Sam",c,1.150,,,,
"Wantz, Andrew",rhp,1.148,,,,
"Poteet, Cody",rhp,1.145,,,,
"Marinaccio, Ron",rhp,1.129,,,,
"Zimmermann, Bruce",lhp-s,1.129,,,,
"Castro, Rodolfo",2b,1.124,,,,
"Miranda, Jose",3b,1.118,,,,
"Morris, Cody",rhp,1.099,,,,
"Rivas III, Alfonso",1b,1.096,,,,
"Herrera, Jose",c,1.093,,,,
"Bukauskas, J.B.",rhp,1.086,,,,
"González, Romy",2b,1.083,,,,
"Call, Alex",cf,1.082,,,,
"Coleman, Dylan",rhp,1.076,,,,
"Gil, Luis",rhp-s,1.073,,,,
"Pratto, Nick",1b,1.067,,,,
"Bouchard, Sean",1b,1.065,,,,
"Palacios, Josh",cf,1.047,,,,
"Waters, Drew",of,1.045,,,,
"Elder, Bryce",rhp,1.040,,,,
"Ort, Kaleb",rhp,1.040,,,,
"Kelly, Zack",rhp,1.038,,,,
"Clemens, Kody",2b,1.035,,,,
"Rodríguez, Manuel",rhp,1.031,,,,
"Heasley, Jonathan",rhp,1.014,,,,
"Wesneski, Hayden",rhp-s,1.008,,,,
"Strzelecki, Peter",rhp,1.003,,,,
"Englert, Mason",rhp,1.000,,,,
"Kelly, Kevin",rhp,1.000,,,,
"Sabol, Blake",of,1.000,,,,
"Ward, Thaddeus",rhp,1.000,,,,
"Wiemer, Joey",of,1.000,,,,
"Daniel, Davis",rhp,0.168,,,,
"Martínez, Adrián",rhp,0.167,,,,
"Hall, Darick",1b,0.161,,,,
"Faucher, Calvin",rhp,0.156,,,,
"Bernardino, Brennan",lhp,0.153,,,,
"Diaz, Jordan",3b,0.146,,,,
"Garrett, Reed",rhp,0.143,,,,
"Criswell, Cooper",rhp,0.142,,,,
"Vargas, Miguel",3b,0.142,,,,
"Julks, Corey",3b-of,0.141,,,,
"Vargas, Carlos",rhp,0.140,,,,
"Villar, David",3b,0.140,,,,
"Adon, Joan",rhp,0.137,,,,
"Schmitt, Casey",3b,0.133,,,,
"Vientos, Mark",3b,0.132,,,,
"Hensley, David",ss-3b,0.131,,,,
"Batten, Matthew",2b,0.130,,,,
"Ramos, Heliot",of,0.130,,,,
"Joyce, Ben",rhp,0.127,,,,
"Colás, Oscar",rf,0.124,,,,
"Lukes, Nathan",of,0.112,,,,
"White, Brendan",rhp,0.111,,,,
"Kerr, Ray",lhp,0.109,,,,
"Legumina, Casey",rhp,0.109,,,,
"Lopez, Otto",2b,0.109,,,,
"Varland, Gus",rhp,0.102,,,,
"Matos, Luis",of,0.098,,,,
"Kennedy, Buddy",3b-dh,0.096,,,,
"Hartwig, Grant",rhp,0.091,,,,
"Jacques, Joe",lhp,0.090,,,,
"Palencia, Daniel",rhp,0.090,,,,
"Sosa, Lenyn",2b-ss,0.090,,,,
"Davis, Noah",rhp,0.087,,,,
"Hollowell, Gavin",rhp,0.087,,,,
"Jacob, Alek",rhp,0.087,,,,
"Walker, Josh",lhp,0.085,,,,
"Anderson, Grant",rhp,0.083,,,,
"Burdick, Peyton",of,0.082,,,,
"Baker, Luken",1b,0.081,,,,
"Sullivan, Brett",c-of,0.081,,,,
"Castillo, Max",rhp,0.080,,,,
"Estrada, Jeremiah",rhp,0.080,,,,
"Peguero, Liover",ss,0.080,,,,
"Salazar, César",c-1b,0.080,,,,
"Bido, Osvaldo",rhp,0.079,,,,
"Shuster, Jared",lhp-s,0.077,,,,
"Stowers, Kyle",dh-of,0.077,,,,
"Gillaspie, Logan",rhp,0.076,,,,
"Wisely, Brett",ss,0.075,,,,
"Alu, Jake",inf,0.074,,,,
"Capra, Vinny",3b-lf,0.074,,,,
"Marlowe, Cade",lf,0.074,,,,
"Hernandez, Daysbel",rhp,0.071,,,,
"Fermín, José",ss,0.070,,,,
"Harris, Hogan",lhp,0.070,,,,
"Willingham, Amos",rhp,0.070,,,,
"Soderstrom, Tyler",c-1b,0.069,,,,
"Taylor, Samad",2b,0.067,,,,
"Headrick, Brent",lhp,0.066,,,,
"Robertson, Nick",rhp,0.063,,,,
"Gage, Matt",lhp,0.060,,,,
"Cabbage, Trey",1b-of,0.056,,,,
"Rosenberg, Kenny",lhp,0.056,,,,
"Selby, Colin",rhp,0.055,,,,
"Myers, Dane",of,0.054,,,,
"Peralta, Sammy",lhp,0.054,,,,
"Walter, Brandon",lhp,0.054,,,,
"Danner, Hagen",c,0.052,,,,
"Junk, Janson",rhp,0.052,,,,
"Martin, Davis",rhp,0.052,,,,
"Martínez, J.P.",of,0.052,,,,
"Kreidler, Ryan",ss,0.051,,,,
"Basabe, Osleivis",ss,0.050,,,,
"Smith-Shawver, AJ",rhp,0.050,,,,
"Priester, Quinn",rhp,0.049,,,,
"Gonzales, Nick",ss,0.047,,,,
"McMillon, John",rhp,0.047,,,,
"Butto, José",rhp,0.046,,,,
"Krook, Matt",lhp,0.045,,,,
"Marte, Noelvi",ss,0.044,,,,
"Adams, Jordyn",of,0.043,,,,
"Cecconi, Slade",rhp,0.043,,,,
"Soto, Livan",ss,0.042,,,,
"Tena, José",ss,0.042,,,,
"Ingram, Kolton",lhp,0.041,,,,
"Mervis, Matt",1b,0.041,,,,
"Pereira, Everson",cf,0.041,,,,
"Vásquez, Randy",rhp,0.041,,,,
"Adcock, Ty",rhp,0.038,,,,
"Justice, Evan",lhp,0.038,,,,
"Horwitz, Spencer",1b,0.037,,,,
"Young, Jacob",of,0.037,,,,
"Goodman, Hunter",1b,0.036,,,,
"Dodd, Dylan",lhp-s,0.035,,,,
"Millas, Drew",c,0.035,,,,
"Cruz, Steven",rhp,0.034,,,,
"Richardson, Lyon",rhp,0.033,,,,
"Canario, Alexander",of,0.031,,,,
"Martinez, Justin",rhp,0.031,,,,
"Paris, Kyren",ss,0.031,,,,
"Vines, Darius",rhp,0.031,,,,
"Ornelas, Jonathan",3b,0.030,,,,
"Saalfrank, Andrew",rhp,0.028,,,,
"Spiers, Carson",rhp,0.028,,,,
"Phillips, Connor",rhp,0.027,,,,
"Lawlar, Jordan",ss,0.025,,,,
"Winans, Allan",rhp,0.025,,,,
"Meckler, Wade",ss-of,0.024,,,,
"Crow-Armstrong, Pete",of,0.021,,,,
"Hamilton, David",ss-2b,0.020,,,,
"Wilson, Weston",3b-of,0.020,,,,
"Rutledge, Jackson",rhp,0.019,,,,
"Kjerstad, Heston",of,0.018,,,,
"Luciano, Marco",ss,0.018,,,,
"McCaughan, Darren",rhp,0.017,,,,
"Jones, Greg",ss-of,0.016,,,,
"Andrews, Clayton",lhp,0.014,,,,
"Bowlan, Jonathan",rhp,0.013,,,,
"Nicolas, Kyle",rhp,0.013,,,,
"Veneziano, Anthony",lhp,0.013,,,,
"Estes, Joey",rhp,0.012,,,,
"Lopez, Jacob",lhp,0.011,,,,
"Amaya, Jacob",2b-ss,0.010,,,,
"Caminero, Junior",3b,0.010,,,,
"Gómez, Yoendrys",rhp,0.010,,,,
"Stoudt, Levi",rhp,0.010,,,,
"Rodriguez, José",ss,0.008,,,,
"Speas, Alex",rhp,0.007,,,,
"Mederos, Victor",rhp,0.006,,,,
"Pint, Riley",rhp,0.006,,,,
"White, Owen",rhp,0.006,,,,
"Woods-Richardson, Simeon",rhp,0.006,,,,
"Berroa, Prelander",rhp,0.005,,,,
"Caseres, Kelvin",rhp,0.005,,,,
"Little, Brendon",lhp,0.003,,,,
"Muñoz, Roddery",rhp,0.003,,,,
"Reynolds, Sean",rhp,0.003,,,,
"Acuña, Luisangel",ss,0.000,,,,
"Alcántara, Kevin",of,0.000,,,,
"Amador, Adael",2b-ss,0.000,,,,
"Arias, Michael",rhp,0.000,,,,
"Armenteros, Lazaro",of,0.000,,,,
"Ashcraft, Braxton",rhp,0.000,,,,
"Barger, Addison",ss-3b,0.000,,,,
"Barrosa, Jorge",lf,0.000,,,,
"Basso, Brady",lhp,0.000,,,,
"Bernabel, Warming",ss,0.000,,,,
"Blalock, Bradley",rhp,0.000,,,,
"Brito, Juan",ss,0.000,,,,
"Brown, Ben",rhp,0.000,,,,
"Brzykcy, Zach",rhp,0.000,,,,
"Burrows, Michael",rhp,0.000,,,,
"Camargo, Jair",c,0.000,,,,
"Canterino, Matt",rhp,0.000,,,,
"Cantillo, Joey",lhp,0.000,,,,
"Carreras, Julio",3b-ss,0.000,,,,
"Cartaya, Diego",c,0.000,,,,
"Cheng, Tsung-Che",ss,0.000,,,,
"Chivilli, Angel",rhp,0.000,,,,
"Church, Marc",rhp,0.000,,,,
"Clase, Jonatan",of,0.000,,,,
"Corniell, Jose",rhp,0.000,,,,
"Corona, Kenedy",of,0.000,,,,
"Cousin, Josimar",rhp,0.000,,,,
"Curet, Yoniel",rhp,0.000,,,,
"Davis, Brennen",of,0.000,,,,
"DeLoach, Zach",lf,0.000,,,,
"Dingler, Dillon",c,0.000,,,,
"Eder, Jake",lhp,0.000,,,,
"Espino, Daniel",rhp,0.000,,,,
"Feduccia, Hunter",c,0.000,,,,
"Fernandez, Yanquiel",of,0.000,,,,
"Flores, Wilmer De Jesus",rhp,0.000,,,,
"Foscue, Justin",2b,0.000,,,,
"Frasso, Nick",rhp,0.000,,,,
"Gentry, Tyler",rf,0.000,,,,
"Gonzalez, Wikelman",rhp,0.000,,,,
"Groome, Jay",lhp,0.000,,,,
"Harris, Dustin",1b-3b,0.000,,,,
"Henry, Cole",rhp,0.000,,,,
"Herz, D.J.",lhp,0.000,,,,
"Hinds, Rece",of,0.000,,,,
"Hodge, Porter",rhp,0.000,,,,
"Horn, Bailey",lhp,0.000,,,,
"Hunt, Blake",c,0.000,,,,
"Hurtubise, Jacob",rhp,0.000,,,,
"Iriarte, Jairo",rhp,0.000,,,,
"Jimenez, Leo",ss,0.000,,,,
"Johnson, Seth",rhp,0.000,,,,
"Kelly, Antoine",lhp,0.000,,,,
"Kent, Zak",rhp,0.000,,,,
"Klein, Will",rhp,0.000,,,,
"Kloffenstein, Adam",rhp,0.000,,,,
"Knack, Landon",rhp,0.000,,,,
"Kochanowicz, Jack",rhp,0.000,,,,
"Macko, Adam",lhp,0.000,,,,
"Maldonado, Anthony",rhp,0.000,,,,
"Martin, Austin",2b-of,0.000,,,,
"Martinez, Orelvis",ss,0.000,,,,
"McDonald, Trevor",rhp,0.000,,,,
"Mejia, Juan",rhp,0.000,,,,
"Mena, Cristian",rhp,0.000,,,,
"Mercado, Michael",rhp,0.000,,,,
"Mesa, Victor Jr.",of,0.000,,,,
"Montero, Keider",rhp,0.000,,,,
"Narvaez, Carlos",c,0.000,,,,
"Noel, Jhonkensy",1b-3b,0.000,,,,
"Pages, Andy",of,0.000,,,,
"Pagés, Pedro",c,0.000,,,,
"Parker, Mitchell",lhp,0.000,,,,
"Perales, Luis",rhp,0.000,,,,
"Pérez, Wenceel",2b,0.000,,,,
"Quero, Jeferson",c,0.000,,,,
"Ramirez, Agustin",c,0.000,,,,
"Ramírez, Alex",of,0.000,,,,
"Ramos, Bryan",3b,0.000,,,,
"Roa, Christian",rhp,0.000,,,,
"Robberse, Sem",rhp,0.000,,,,
"Rodriguez, Emmanuel",of,0.000,,,,
"Rodriguez, Johnathan",of,0.000,,,,
"Rodríguez, Randy",rhp,0.000,,,,
"Roller, Chris",cf,0.000,,,,
"Salinas, Royber",rhp,0.000,,,,
"Severino, Yunior",2b,0.000,,,,
"Teng, Kai-Wei",rhp,0.000,,,,
"Uwasawa, Naoyuki",rhp-s,0.000,,,,
"Valera, George",rf,0.000,,,,
"Vanasco, Ricky",rhp,0.000,,,,
"Vazquez, Luis",ss,0.000,,,,
"Vivas, Jorbit",2b,0.000,,,,
"Walston, Blake",lhp,0.000,,,,
"White, Colby",rhp,0.000,,,,
"Whitley, Forrest",rhp,0.000,,,,
"Winn, Cole",rhp,0.000,,,,
"Zulueta, Yosver",rhp,0.000,,,,